hp,tem,cnt,area,Play Game,Play Ball
0,0,0,0,-9.855974,-10.6752
0,0,0,1,-10.53765,-10.69244
0,0,1,0,-9.459807,-9.229537
0,0,1,1,-10.40232,-10.0225
0,1,0,0,-10.46186,-10.19246
0,1,0,1,-10.64838,-10.98524
0,1,1,0,-10.21406,-8.914865
0,1,1,1,-10.37702,-11.29918
1,0,0,0,1.9769,-7.652322
1,0,0,1,2.474575,-6.848845
1,0,1,0,-7.935803,1.951061
1,0,1,1,-7.797225,2.847558
1,1,0,0,3.022997,-6.837697
1,1,0,1,2.075139,-7.988246
1,1,1,0,-7.567692,2.109816
1,1,1,1,-7.79559,1.808098
