hp,tem,cnt,area,Eat Cold,Eat Hot
0,0,0,0,-6.78161,3.563514
0,0,0,1,-7.400216,3.404402
0,0,1,0,-7.343863,3.396507
0,0,1,1,-7.568648,3.392409
0,1,0,0,2.702916,-7.231319
0,1,0,1,7.99415,-6.340931
0,1,1,0,3.541549,-6.885878
0,1,1,1,3.142362,-6.964107
1,0,0,0,-9.311341,-10.42544
1,0,0,1,-10.44003,-9.394125
1,0,1,0,-7.398066,-9.601491
1,0,1,1,-9.581333,-9.339828
1,1,0,0,-9.461427,-10.52942
1,1,0,1,-7.326804,-10.2269
1,1,1,0,-9.400767,-8.57283
1,1,1,1,-9.657626,-9.518352
