hp,tem,cnt,area,Speak Chinese,Speak English
0,0,0,0,-8.012364,-9.334497
0,0,0,1,-11.35523,-10.32184
0,0,1,0,-10.80922,-9.962435
0,0,1,1,-10.71822,-11.15324
0,1,0,0,-10.84045,-9.829849
0,1,0,1,-9.973443,-10.0002
0,1,1,0,-10.77223,-8.899953
0,1,1,1,-9.926583,-10.2362
1,0,0,0,2.092188,-7.43331
1,0,0,1,-8.061536,2.565073
1,0,1,0,1.920697,-7.873465
1,0,1,1,-8.257756,2.65692
1,1,0,0,2.165289,-8.176385
1,1,0,1,-8.180006,2.149333
1,1,1,0,2.792428,-8.097047
1,1,1,1,-8.05143,2.829778
